{"cameraMode":{"drawMode":0,"name":"Shaded","section":"Shading Mode"},"sceneLighting":true,"audioPlay":false,"sceneViewState":{"showFog":true,"showMaterialUpdate":false,"showSkybox":true,"showFlares":true,"showImageEffects":true,"showParticleSystems":true},"in2DMode":false,"pivot":{"x":-0.17011767625808717,"y":0.8588612079620361,"z":5.084167003631592},"rotation":{"x":-0.07068705558776856,"y":0.04247800260782242,"z":-0.003012813162058592,"w":-0.9965892434120178},"size":10.0,"orthographic":false}